recipe_tag	coeficcient
bias	0.39417139909065335
alfredo	0.1416915301412905
almond	-0.23445321872604438
american	0.02417801969748137
appetizer	0.09750948244191583
appetizers	0.08613299181615289
apple	0.07425452708088151
asiancuisine	-0.02438526215114889
asparagus	-0.10086180897150888
avocado	-0.040665856148644944
bacon	0.2653388844520038
baked	0.015081764711015216
bakeddishes	0.04014213927228407
bakery	0.03033656677764006
baking	0.1263160301833182
beans	0.09664856385595547
beef	-0.036729135548335456
bellpeppers	0.009977691053752182
berries	-0.14692882122041373
blackbeans	0.009977691053752182
blackvinegar	0.037707419515112535
blueberry	-0.012318344797392689
boiledeggs	-0.006819685922518477
bokchoy	-0.006819685922518477
braided	0.019687198498201275
bread	0.0066495297977395024
breaded	0.06435314921312375
breakfast	0.07545550515211533
breakfastpastry	0.04958533046576519
brioche	-0.009009352053628376
broiling	0.06376500856094064
brownies	0.03598527468310626
brownsugar	0.03632698375281648
brunch	0.06471013726428049
burger	-0.007562883932482246
burritos	-0.007170453189158954
buttery	0.04883255315056531
cake	0.02356445591960713
carrots	-0.006819685922518477
casserole	-0.09654724727031211
celebration	-0.0766651894686228
cheese	-0.005669568601543468
cheesy	0.07635546762268712
cherry	-0.09303789221156826
chicken	-0.01175324309967074
chickpeas	-0.007562883932482246
chilioil	-0.02372945954994775
chilipowder	0.009977691053752182
chinese	-0.07752530104106137
chinesecookingwine	-0.06143687906506028
chinesecuisine	0.025158997161904804
chocolate	0.1598115799430187
chocolatechip	-0.08168197829052869
chocolatecroissant	0.04958533046576519
christmas	-0.005457231115418959
cilantro	0.041834170929536375
cinnamon	0.03754437239833887
citrus	-0.08606194889104281
classic	0.09571560386682723
cloves	0.02065285502478126
cobbler	-0.005682407270197157
cocoapowder	0.028130456043237204
coffee	-0.01911348553764909
cold	-0.07752530104106137
coldnoodles	-0.09911779141570357
comfortfood	0.07090082284401185
condiment	-0.09253656174560991
cookies	-0.05500778304993176
corn	-0.0766651894686228
cranberry	0.015096367759942001
creamcheese	-0.023782218020090146
creamy	0.050198211027567
crisp	0.034824532251752055
crispy	0.15294160767630977
croissant	-0.01911348553764909
croissants	0.06874815095817066
crumble	-0.05184645269135383
crust	0.02065285502478126
cucumber	-0.09911779141570357
cumin	0.009977691053752182
cupcakes	0.033973637774258755
custard	-0.174456429275546
custardy	0.024889817888380607
customizable	0.07726522039953541
danish	-0.023782218020090146
dashibroth	0.04274947595987414
dates	-0.022654623135435734
decadent	0.012061924205551872
dessert	0.18233752908306217
dinner	0.04798141188115416
dip	0.17046459145420104
donuts	0.008697510323180922
easterneuropean	0.019687198498201275
easy	0.1590905881906336
easydinner	-0.06423440076782487
egg	0.06767594497669274
eggs	0.05110232559305848
eggwhites	0.0025591142686530854
fajitaseasoning	0.012273406182025695
fall	0.037828287178644726
familyfriendly	-0.160781648038137
fastfood	0.06435314921312375
fetacheese	-0.002292854716234935
filling	0.10035681439230897
fingerfood	0.08875795926935623
flaky	-0.05373585765446136
french	0.015400105763408292
frenchcuisine	-0.17004475813400466
frenchpastry	0.060808411705756155
fresh	0.06212808604176046
fried	0.1008568760827232
friedfood	-0.10988037918504422
friedrice	0.02309159399277355
fries	-0.021249505371995447
frosting	0.05753809369386589
fruit	-0.05778956981023048
fudgy	-0.007625274292649403
gamedayfood	0.04082601022227343
ganache	-0.00456600012363007
garlic	-0.057614111331527586
ginger	-0.06143687906506028
glutenfree	0.1775596540170836
goldenbrown	0.03509434823062676
greenbeans	-0.02188655986572492
greenonion	0.0038227677335326998
greenonions	-0.013990139111677432
grill	-0.007562883932482246
grilled	0.003963399441590007
grilling	0.06376500856094064
groundbeef	0.05841002704964682
gruyere	0.009751506445351665
gruyerecheese	-0.1374446139924648
guacamole	0.11889966109173335
hamandcheese	-0.023782218020090146
hamburger	-0.05225423239975679
handheld	0.07726522039953541
handtorndough	-0.0938422180054807
hawaii	-0.05225423239975679
hawaiian	-0.049834347520662195
healthy	-0.12724725850470475
herbs	-0.014850612469523877
holiday	-0.08212242058404176
homemade	0.02367214233591233
indulgent	0.033973637774258755
italian	-0.024008688334249864
italiancuisine	0.1416915301412905
jalapenos	-0.021249505371995447
japanesecuisine	0.11392987422583861
juicy	-0.00016950080617020047
ketchup	-0.05225423239975679
keto	0.021004272830513277
kidfriendly	0.08875795926935623
koreancuisine	-0.0938422180054807
laminateddough	0.03033656677764006
lasagna	0.0207018452971751
lattice	0.02065285502478126
lettuce	-0.06948447925434686
lime	0.10327104999459666
loadednachos	0.06207551559426888
lowcarb	0.021004272830513277
lunch	0.04798141188115416
macandcheese	0.025308393139186387
maple	0.008697510323180922
maplesyrup	0.0479066409294416
masa	-0.0766651894686228
mayonnaise	-0.05225423239975679
meal	0.06435314921312375
mealprep	0.03730543711197217
meat	0.022634124351054802
meatsauce	0.0420866495022682
mexican	0.11458553712779804
mexicancuisine	-0.00493600730718179
mexicanfood	0.06207551559426888
middleeastern	-0.004622013388491695
miso	-0.006819685922518477
muffins	0.03730543711197217
mushroom	-0.08276387443211317
mushrooms	-0.006819685922518477
nachos	-0.06397138183032393
noodles	0.03818220266253411
noodlesoup	-0.006819685922518477
nori	-0.049834347520662195
numbing	-0.07398530141826802
nutmeg	0.05697983877759774
oat	0.07225427657230536
oats	0.01577338487745552
onion	0.15453402304135855
onions	0.022251097235777877
onthego	-0.049834347520662195
oven	0.04958533046576519
oysters	-0.10198523118608292
pacificislands	-0.05225423239975679
pancakes	0.0479066409294416
parmesan	0.009751506445351665
partyfood	0.10661443391843753
pasta	0.1009045854439588
pastasauce	0.0420866495022682
pastry	0.0009540085647603558
pastrycrust	-0.1623344318808454
peach	0.1352056469747648
peanutbutter	0.06539291233373494
peanutdressing	0.07855529699808737
peanuts	0.037707419515112535
peppers	0.012273406182025695
pickledvegetables	-0.12150864607191116
pie	0.04483087472226263
piecrust	-0.002292854716234935
pork	0.037707419515112535
porkbelly	-0.006819685922518477
potatoes	-0.007170453189158954
protein	0.03730543711197217
puffpastry	0.04958533046576519
quiche	-0.0693000601127034
quick	0.028254026778771035
ramen	-0.006819685922518477
refreshing	0.051700677696944405
relish	-0.08606194889104281
rhubarb	0.051700677696944405
rice	-0.049834347520662195
ricevinegar	0.0038227677335326998
rich	0.012061924205551872
ricotta	-0.013335992523621623
salad	-0.05781872521267198
salsa	0.04510986427699797
salty	0.025308393139186387
sandwich	0.06767594497669274
sauce	0.08060471777562385
savory	0.006938739204653349
scallions	-0.02372945954994775
scallops	0.056217631841346795
seafood	-0.07584480878927619
sesame	-0.07752530104106137
sesameoil	0.0038227677335326998
sesameseeds	0.0038227677335326998
shrimp	0.06376500856094064
sichuancuisine	-0.03627788190315548
sichuanpeppercorns	-0.02372945954994775
sidedish	-0.08407504449109192
sidedishes	-0.02188655986572492
skewers	0.06376500856094064
smoky	0.04823048632578974
snack	0.0069232659537390995
snacks	-0.043136065237720365
sobanoodles	-0.02438526215114889
soft	0.03509434823062676
souffle	0.07487005253246296
soup	-0.015842133816997755
sourcream	0.012539106555740434
southern	0.11153350463885248
southerncuisine	-0.10198523118608292
soysauce	-0.0036347837461599697
spam	-0.10208857992041898
spices	-0.014850612469523877
spicy	0.0027587673236163027
spicyfood	-0.007895147998961297
spinach	-0.09284475886135196
spring	-0.009354758199570991
steamed	-0.0766651894686228
stirfry	-0.012548422353207732
strawberry	0.051700677696944405
streetfood	0.04664095965827021
stuffedpeppers	-0.007895147998961297
summer	0.10481558954753964
sushi	-0.049834347520662195
sweet	0.07232312229258925
sweetandsalty	0.02667419524059693
sweetandsavory	0.056604151252622525
sweettreat	0.030471844928116096
taco	-0.06093033596886972
tacos	0.0512629730467619
tangy	0.046243446581525446
tart	0.08060471777562385
tea	-0.01911348553764909
tempura	0.04274947595987414
tender	0.0994474974437505
texmex	0.012273406182025695
thanksgiving	-0.005457231115418959
toast	0.06767594497669274
tomato	-0.00822365244011674
tomatoes	-0.1538007598492221
tomatosauce	0.1826765178927802
tortilla	0.009977691053752182
tortillabowl	-0.06093033596886972
tortillachips	-0.07544368624188963
tortillas	0.005102952992866741
traditional	-0.0766651894686228
twisted	0.019687198498201275
udonnoodles	0.04274947595987414
vanilla	0.0025591142686530854
vanillaicecream	0.01577338487745552
vegan	0.08625131722134693
vegetables	-0.08010538221227814
vegetarian	-0.12225239758894209
warm	0.04958533046576519
whippedcream	0.01577338487745552
winter	0.037828287178644726
yeastdough	0.019687198498201275
